Title,Rating,Genre,Actors,Runtime
Koombiyo
The Filthy Frank Show
Game of Thrones
Breaking Bad
Rick and Morty
The Wire
TVF Pitchers
Sherlock
The Sopranos
Avatar: The Last Airbender
The World at War
Leyla ile Mecnun
Firefly
Hagane no renkinjutsushi
Stranger Things
Fargo
True Detective
The Twilight Zone
Death Note: Desu nôto
Last Week Tonight with John Oliver
One Punch Man: Wanpanman
Batman: The Animated Series
Black Mirror
Friends
Westworld
Narcos
The Marvelous Mrs. Maisel
House of Cards
Seinfeld
Arrested Development
Gravity Falls
Only Fools and Horses....
Kaubôi bibappu
Monty Python's Flying Circus
Pod prikritie
This Is Us
Peaky Blinders
La casa de papel
The Office
The Punisher
It's Always Sunny in Philadelphia
House M.D.
The Simpsons
The Grand Tour
Twin Peaks
The West Wing
Freaks and Geeks
Shingeki no kyojin
Rome
Oz
Koombiyo
9.8
"Action, Adventure, Drama"
"['Bryan Cranston', 'Aaron Paul', 'Anna Gunn', 'Betsy Brandt']"
23
